zoom,epoch,batch_id,loss
6,0,0,4.5
6,0,1,5.25
6,0,2,5.25
6,0,3,4.0
6,0,4,4.5
6,0,5,7.25
6,0,6,4.5
6,0,7,4.0
6,0,8,4.5
6,0,9,4.5
6,0,10,5.0
6,0,11,5.5
6,0,12,5.25
6,0,13,4.0
6,0,14,5.0
6,0,15,4.5
6,0,16,4.75
6,0,17,5.5
6,0,18,5.5
6,0,19,5.25
6,0,20,5.25
6,0,21,5.25
6,0,22,5.0
6,0,23,5.25
6,0,24,5.25
6,0,25,6.0
6,0,26,4.5
6,0,27,5.25
6,0,28,5.0
6,0,29,5.25
6,0,30,4.25
6,0,31,4.5
6,0,32,5.0
6,0,33,5.0
6,0,34,5.0
6,0,35,5.0
6,0,36,5.0
6,0,37,6.0
6,0,38,5.0
6,0,39,4.5
6,0,40,5.25
6,0,41,6.0
6,0,42,5.0
6,0,43,4.5
6,0,44,5.0
6,0,45,5.25
6,0,46,5.0
6,0,47,5.25
5,1,0,27.0
5,1,1,7.0
5,1,2,6.25
5,1,3,8.5
5,1,4,8.0
5,1,5,7.375
5,1,6,8.5
5,1,7,7.375
5,1,8,7.0
5,1,9,7.5
5,1,10,8.875
5,1,11,8.875
5,1,12,6.0
5,1,13,6.0
5,1,14,4.75
5,1,15,5.75
5,1,16,4.0
5,1,17,5.75
5,1,18,6.0
5,1,19,6.0
5,1,20,6.75
5,1,21,7.0
5,1,22,7.0
5,1,23,8.0
5,1,24,8.75
5,1,25,10.125
5,1,26,6.0
5,1,27,5.625
5,1,28,7.375
5,1,29,8.0
5,1,30,7.0
5,1,31,6.0
5,1,32,6.0
5,1,33,7.0
5,1,34,11.25
5,1,35,11.5
5,1,36,6.0
5,1,37,8.125
5,1,38,7.25
5,1,39,7.5
5,1,40,9.125
5,1,41,8.625
5,1,42,9.0
5,1,43,7.0
5,1,44,6.25
5,1,45,6.75
5,1,46,7.375
5,1,47,6.375
6,2,0,0.5
6,2,1,1.5
6,2,2,1.0
6,2,3,1.25
6,2,4,1.25
6,2,5,1.75
6,2,6,1.0
6,2,7,1.875
6,2,8,1.875
6,2,9,1.0
6,2,10,1.875
6,2,11,1.5
6,2,12,1.875
6,2,13,1.875
6,2,14,1.5
6,2,15,1.0
6,2,16,1.0
6,2,17,1.5
6,2,18,1.5
6,2,19,1.0
6,2,20,1.0
6,2,21,1.25
6,2,22,1.75
6,2,23,1.0
6,2,24,2.25
6,2,25,1.0
6,2,26,1.5
6,2,27,2.25
6,2,28,1.25
6,2,29,2.25
6,2,30,1.25
6,2,31,1.25
6,2,32,2.0
6,2,33,1.5
6,2,34,1.5
6,2,35,1.25
6,2,36,1.0
6,2,37,2.0
6,2,38,1.5
6,2,39,2.0
6,2,40,1.5
6,2,41,1.5
6,2,42,2.0
6,2,43,2.5
6,2,44,2.0
6,2,45,1.5
6,2,46,1.5
6,2,47,2.5
6,3,0,2.5
6,3,1,3.0
6,3,2,1.5
6,3,3,2.0
6,3,4,2.5
6,3,5,3.0
6,3,6,1.5
6,3,7,1.5
6,3,8,1.75
6,3,9,2.0
6,3,10,2.0
6,3,11,2.0
6,3,12,3.5
6,3,13,1.5
6,3,14,3.5
6,3,15,4.0
6,3,16,2.0
6,3,17,2.5
6,3,18,2.0
6,3,19,3.375
6,3,20,4.0
6,3,21,3.375
6,3,22,2.0
6,3,23,2.0
6,3,24,2.0
6,3,25,3.0
6,3,26,5.5
6,3,27,3.0
6,3,28,4.0
6,3,29,3.0
6,3,30,2.5
6,3,31,4.0
6,3,32,2.5
6,3,33,3.5
6,3,34,2.5
6,3,35,3.0
6,3,36,5.25
6,3,37,4.0
6,3,38,3.5
6,3,39,4.5
6,3,40,5.25
6,3,41,4.0
6,3,42,5.0
6,3,43,5.5
6,3,44,5.0
6,3,45,5.25
6,3,46,4.0
6,3,47,3.75
4,0,0,52.25
4,0,1,44.5
4,0,2,44.0
4,0,3,29.0
4,0,4,36.5
4,0,5,30.0
4,0,6,29.0
4,0,7,34.5
4,0,8,31.625
4,0,9,29.25
4,0,10,26.75
4,0,11,19.0
4,0,12,25.25
4,0,13,23.5
4,0,14,21.625
4,0,15,26.0
4,0,16,23.5
4,0,17,28.875
4,0,18,33.25
4,0,19,31.0
4,0,20,26.25
4,0,21,26.125
4,0,22,25.0
4,0,23,20.375
4,0,24,19.75
4,0,25,21.0
4,0,26,20.5
4,0,27,23.75
4,0,28,34.0
4,0,29,32.125
4,0,30,17.5
4,0,31,35.0
4,0,32,25.875
4,0,33,28.5
4,0,34,27.75
4,0,35,21.25
4,0,36,21.5
4,0,37,27.5
4,0,38,19.5
4,0,39,29.75
4,0,40,28.0
4,0,41,15.25
4,0,42,24.125
4,0,43,22.75
4,0,44,30.0
4,0,45,30.375
4,0,46,12.75
4,0,47,34.5
4,1,0,12.625
4,1,1,15.5
4,1,2,18.0
4,1,3,15.0
4,1,4,17.625
4,1,5,23.25
4,1,6,16.75
4,1,7,22.75
4,1,8,22.5
4,1,9,18.375
4,1,10,22.75
4,1,11,19.0
4,1,12,21.0
4,1,13,13.25
4,1,14,14.625
4,1,15,13.25
4,1,16,18.375
4,1,17,25.75
4,1,18,13.125
4,1,19,14.0
4,1,20,20.0
4,1,21,16.5
4,1,22,18.0
4,1,23,15.0
4,1,24,15.75
4,1,25,23.0
4,1,26,20.25
4,1,27,27.625
4,1,28,18.25
4,1,29,24.25
4,1,30,25.0
4,1,31,14.25
4,1,32,14.625
4,1,33,21.5
4,1,34,26.5
4,1,35,20.875
4,1,36,16.5
4,1,37,24.75
4,1,38,23.0
4,1,39,17.75
4,1,40,17.5
4,1,41,17.0
4,1,42,18.375
4,1,43,21.5
4,1,44,16.125
4,1,45,16.5
4,1,46,17.75
4,1,47,19.0
4,2,0,20.0
4,2,1,22.0
4,2,2,16.375
4,2,3,25.625
4,2,4,15.375
4,2,5,18.5
4,2,6,19.0
4,2,7,22.0
4,2,8,16.0
4,2,9,19.0
4,2,10,19.0
4,2,11,24.625
4,2,12,10.0
4,2,13,15.5
4,2,14,12.25
4,2,15,15.5
4,2,16,14.875
4,2,17,16.5
4,2,18,12.625
4,2,19,18.375
4,2,20,20.875
4,2,21,19.0
4,2,22,15.5
4,2,23,18.5
4,2,24,17.75
4,2,25,21.0
4,2,26,15.0
4,2,27,13.0
4,2,28,18.375
4,2,29,21.5
4,2,30,16.0
4,2,31,24.75
4,2,32,19.625
4,2,33,17.75
4,2,34,21.25
4,2,35,18.0
4,2,36,16.0
4,2,37,22.0
4,2,38,21.5
4,2,39,14.5
4,2,40,16.5
4,2,41,16.0
4,2,42,21.625
4,2,43,23.25
4,2,44,16.375
4,2,45,18.375
4,2,46,21.5
4,2,47,16.0
5,3,0,5.0
5,3,1,7.875
5,3,2,7.0
5,3,3,6.5
5,3,4,3.75
5,3,5,5.5
5,3,6,7.875
5,3,7,8.25
5,3,8,6.0
5,3,9,5.5
5,3,10,5.125
5,3,11,5.5
5,3,12,7.875
5,3,13,9.25
5,3,14,9.0
5,3,15,7.25
5,3,16,7.875
5,3,17,6.5
5,3,18,7.0
5,3,19,9.25
5,3,20,3.75
5,3,21,4.75
5,3,22,4.0
5,3,23,5.125
5,3,24,6.5
5,3,25,6.5
5,3,26,9.25
5,3,27,9.75
5,3,28,6.0
5,3,29,3.75
5,3,30,6.5
5,3,31,9.25
5,3,32,7.25
5,3,33,7.0
5,3,34,9.25
5,3,35,7.0
5,3,36,7.0
5,3,37,6.0
5,3,38,9.25
5,3,39,9.25
5,3,40,8.5
5,3,41,4.0
5,3,42,6.0
5,3,43,8.25
5,3,44,6.5
5,3,45,8.5
5,3,46,5.125
5,3,47,5.5
3,0,0,24.25
3,0,1,30.5
3,0,2,37.25
3,0,3,22.25
3,0,4,40.25
3,0,5,42.625
3,0,6,23.0
3,0,7,44.0
3,0,8,22.25
3,0,9,40.0
3,0,10,35.5
3,0,11,27.125
3,0,12,41.0
3,0,13,28.5
3,0,14,31.5
3,0,15,31.5
3,0,16,43.25
3,0,17,23.0
3,0,18,37.25
3,0,19,31.5
3,0,20,43.125
3,0,21,23.375
3,0,22,24.75
3,0,23,27.625
3,0,24,32.0
3,0,25,42.5
3,0,26,29.125
3,0,27,31.625
3,0,28,28.75
3,0,29,37.0
3,0,30,39.0
3,0,31,54.625
3,0,32,29.0
3,0,33,28.125
3,0,34,41.5
3,0,35,49.75
3,0,36,33.5
3,0,37,38.5
3,0,38,42.75
3,0,39,34.0
3,0,40,34.0
3,0,41,39.0
3,0,42,34.5
3,0,43,42.75
3,0,44,42.75
3,0,45,34.0
3,0,46,29.375
3,0,47,46.625
3,3,0,8.5
3,3,1,36.75
3,3,2,29.0
3,3,3,41.75
3,3,4,76.0
3,3,5,25.5
3,3,6,34.0
3,3,7,25.875
3,3,8,30.0
3,3,9,21.75
3,3,10,20.25
3,3,11,27.0
3,3,12,39.0
3,3,13,34.25
3,3,14,35.5
3,3,15,37.125
3,3,16,34.5
3,3,17,37.75
3,3,18,42.375
3,3,19,39.375
3,3,20,30.25
3,3,21,28.125
3,3,22,25.375
3,3,23,30.5
3,3,24,21.75
3,3,25,17.625
3,3,26,38.625
3,3,27,46.75
3,3,28,29.125
3,3,29,47.25
3,3,30,34.0
3,3,31,25.0
3,3,32,40.0
3,3,33,42.5
3,3,34,22.25
3,3,35,43.5
3,3,36,38.125
3,3,37,40.25
3,3,38,41.125
3,3,39,43.875
3,3,40,28.0
3,3,41,24.625
3,3,42,25.5
3,3,43,47.25
3,3,44,23.5
3,3,45,27.0
3,3,46,34.0
3,3,47,37.25
2,1,0,96.5
2,1,1,83.75
2,1,2,58.0
2,1,3,31.5
2,1,4,39.0
2,1,5,51.25
2,1,6,38.25
2,1,7,27.0
2,1,8,47.875
2,1,9,46.25
2,1,10,23.125
2,1,11,40.25
2,1,12,35.75
2,1,13,33.5
2,1,14,36.5
2,1,15,29.5
2,1,16,29.0
2,1,17,44.5
2,1,18,32.5
2,1,19,33.75
2,1,20,65.5
2,1,21,58.0
2,1,22,59.625
2,1,23,37.0
2,1,24,41.875
2,1,25,27.5
2,1,26,29.0
2,1,27,27.75
2,1,28,23.625
2,1,29,57.25
2,1,30,42.75
2,1,31,37.0
2,1,32,33.875
2,1,33,55.25
2,1,34,53.25
2,1,35,33.5
2,1,36,24.25
2,1,37,30.125
2,1,38,30.625
2,1,39,53.75
2,1,40,39.0
2,1,41,24.0
2,1,42,66.75
2,1,43,46.0
2,1,44,28.5
2,1,45,30.5
2,1,46,22.25
2,1,47,33.5
2,2,0,39.875
2,2,1,34.875
2,2,2,36.375
2,2,3,49.5
2,2,4,29.0
2,2,5,35.0
2,2,6,36.375
2,2,7,45.25
2,2,8,36.375
2,2,9,51.875
2,2,10,34.625
2,2,11,30.0
2,2,12,45.5
2,2,13,29.0
2,2,14,31.5
2,2,15,37.0
2,2,16,32.375
2,2,17,22.625
2,2,18,31.5
2,2,19,27.5
2,2,20,53.0
2,2,21,37.0
2,2,22,24.0
2,2,23,33.25
2,2,24,54.5
2,2,25,43.875
2,2,26,27.125
2,2,27,27.0
2,2,28,43.5
2,2,29,36.5
2,2,30,35.75
2,2,31,39.875
2,2,32,30.0
2,2,33,25.0
2,2,34,41.125
2,2,35,41.5
2,2,36,28.25
2,2,37,58.0
2,2,38,28.5
2,2,39,47.0
2,2,40,42.25
2,2,41,52.625
2,2,42,21.5
2,2,43,28.375
2,2,44,233.0
2,2,45,32.0
2,2,46,42.0
2,2,47,34.0
2,0,0,67.75
2,0,1,92.0
2,0,2,34.125
2,0,3,39.5
2,0,4,34.25
2,0,5,25.25
2,0,6,37.0
2,0,7,25.25
2,0,8,40.0
2,0,9,59.0
2,0,10,50.25
2,0,11,33.375
2,0,12,34.75
2,0,13,42.0
2,0,14,28.0
2,0,15,31.5
2,0,16,47.5
2,0,17,25.375
2,0,18,25.125
2,0,19,32.375
2,0,20,48.0
2,0,21,40.5
2,0,22,39.25
2,0,23,39.625
2,0,24,78.125
2,0,25,55.5
2,0,26,43.0
2,0,27,29.875
2,0,28,22.25
2,0,29,43.0
2,0,30,45.0
2,0,31,52.75
2,0,32,43.25
2,0,33,45.75
2,0,34,39.0
2,0,35,34.875
2,0,36,38.25
2,0,37,28.0
2,0,38,41.25
2,0,39,33.375
2,0,40,37.75
2,0,41,29.5
2,0,42,30.625
2,0,43,42.0
2,0,44,21.125
2,0,45,29.375
2,0,46,28.5
2,0,47,37.625
1,1,0,49.5
1,1,1,53.25
1,1,2,88.5
1,1,3,78.75
1,1,4,73.125
1,1,5,63.75
1,1,6,63.375
1,1,7,46.0
1,1,8,49.0
1,1,9,93.5
1,1,10,87.25
1,1,11,41.875
1,1,12,57.0
1,1,13,48.625
1,1,14,43.75
1,1,15,57.125
1,1,16,44.25
1,1,17,47.375
1,1,18,87.5
1,1,19,47.0
1,1,20,53.5
1,1,21,51.0
1,1,22,59.5
1,1,23,34.0
1,1,24,70.25
1,1,25,84.25
1,1,26,67.5
1,1,27,72.875
1,1,28,87.25
1,1,29,86.5
1,1,30,42.25
1,1,31,41.0
1,1,32,41.75
1,1,33,47.0
1,1,34,58.5
1,1,35,84.625
1,1,36,94.5
1,1,37,86.25
1,1,38,43.0
1,1,39,107.25
1,1,40,70.75
1,1,41,49.0
1,1,42,67.125
1,1,43,90.5
1,1,44,81.5
1,1,45,83.75
1,1,46,65.75
1,1,47,94.0
1,2,0,62.875
1,2,1,83.5
1,2,2,77.25
1,2,3,79.0
1,2,4,54.0
1,2,5,45.75
1,2,6,47.5
1,2,7,61.0
1,2,8,48.0
1,2,9,42.75
1,2,10,86.625
1,2,11,58.75
1,2,12,83.5
1,2,13,73.125
1,2,14,44.75
1,2,15,112.625
1,2,16,78.0
1,2,17,57.5
1,2,18,68.125
1,2,19,75.125
1,2,20,73.375
1,2,21,38.25
1,2,22,37.125
1,2,23,48.875
1,2,24,45.5
1,2,25,49.75
1,2,26,77.5
1,2,27,86.0
1,2,28,51.5
1,2,29,55.5
1,2,30,76.75
1,2,31,86.5
1,2,32,82.5
1,2,33,42.0
1,2,34,53.5
1,2,35,40.75
1,2,36,67.5
1,2,37,80.75
1,2,38,84.5
1,2,39,63.5
1,2,40,73.125
1,2,41,64.875
1,2,42,60.5
1,2,43,63.375
1,2,44,87.25
1,2,45,110.25
1,2,46,73.0
1,2,47,72.5
2,3,0,21.5
2,3,1,21.75
2,3,2,37.125
2,3,3,43.5
2,3,4,26.25
2,3,5,28.5
2,3,6,50.75
2,3,7,27.5
2,3,8,47.25
2,3,9,27.0
2,3,10,39.5
2,3,11,37.625
2,3,12,48.375
2,3,13,46.0
2,3,14,31.0
2,3,15,48.5
2,3,16,33.625
2,3,17,53.0
2,3,18,50.0
2,3,19,41.75
2,3,20,37.5
2,3,21,27.0
2,3,22,24.625
2,3,23,51.5
2,3,24,33.75
2,3,25,34.0
2,3,26,34.0
2,3,27,35.5
2,3,28,26.875
2,3,29,40.0
2,3,30,26.0
2,3,31,46.25
2,3,32,32.5
2,3,33,40.5
2,3,34,48.0
2,3,35,44.25
2,3,36,28.0
2,3,37,31.625
2,3,38,48.25
2,3,39,28.5
2,3,40,24.875
2,3,41,50.875
2,3,42,28.75
2,3,43,24.625
2,3,44,27.5
2,3,45,28.0
2,3,46,47.0
2,3,47,34.25
0,0,0,960.25
0,0,1,620.625
0,0,2,750.0
0,0,3,646.5
0,0,4,635.375
0,0,5,555.0
0,0,6,521.5
0,0,7,616.25
0,0,8,634.375
0,0,9,527.625
0,0,10,684.75
0,0,11,616.5
0,0,12,416.25
0,0,13,657.0
0,0,14,577.5
0,0,15,451.75
0,0,16,564.5
0,0,17,508.0
0,0,18,535.5
0,0,19,506.125
0,0,20,457.625
0,0,21,440.5
0,0,22,515.375
0,0,23,413.125
0,0,24,347.75
0,0,25,691.375
0,0,26,534.0
0,0,27,574.25
0,0,28,593.75
0,0,29,631.0
0,0,30,441.0
0,0,31,621.0
0,0,32,439.5
0,0,33,501.0
0,0,34,582.75
0,0,35,645.5
0,0,36,423.75
0,0,37,537.875
0,0,38,717.0
0,0,39,539.875
0,0,40,489.5
0,0,41,485.0
0,0,42,494.5
0,0,43,545.25
0,0,44,342.5
0,0,45,332.75
0,0,46,426.5
0,0,47,561.75
0,3,0,634.75
0,3,1,537.625
0,3,2,537.125
0,3,3,568.25
0,3,4,595.0
0,3,5,553.625
0,3,6,382.875
0,3,7,379.25
0,3,8,603.0
0,3,9,593.5
0,3,10,549.875
0,3,11,469.0
0,3,12,444.0
0,3,13,310.5
0,3,14,593.0
0,3,15,614.25
0,3,16,577.0
0,3,17,577.5
0,3,18,675.25
0,3,19,521.5
0,3,20,499.0
0,3,21,472.0
0,3,22,381.875
0,3,23,456.0
0,3,24,467.5
0,3,25,538.375
0,3,26,419.5
0,3,27,567.25
0,3,28,430.625
0,3,29,420.125
0,3,30,560.5
0,3,31,829.75
0,3,32,412.375
0,3,33,532.875
0,3,34,465.0
0,3,35,540.125
0,3,36,400.375
0,3,37,444.5
0,3,38,463.5
0,3,39,311.25
0,3,40,736.0
0,3,41,540.5
0,3,42,416.375
0,3,43,416.125
0,3,44,490.5
0,3,45,535.375
0,3,46,321.5
0,3,47,700.75
